Species,1,2,3,4,5,6
P_maximus,1,0,1,1,1,1
M_truncata,0,0,0,0,0,0
C_gigas,1,1,1,1,1,0
M_edulis,1,1,0,1,1,1
M_gigas,1,1,1,1,1,1
C_virginica,1,1,1,1,1,1
O_edulis,1,1,1,1,1,1
S_cuccullata,1,1,1,0,1,1
S_echinata,1,1,1,1,1,1
M_yessoensis,1,0,1,1,1,1
M_coruscus,1,1,1,0,1,1
M_trossulus,1,1,1,1,1,1
M_californianus,1,1,1,1,0,1
M_mercenaria,1,1,1,0,1,1
Y_balloti,1,1,1,1,1,1
M_arenaria,1,1,1,0,1,1
M_angulata,1,1,1,1,1,1
P_maxima,1,1,1,1,1,1
P_margaritifera,0,1,0,0,1,0
P_fucata,0,1,0,1,1,0
A_pectinata,0,1,0,0,0,0
A_irradians,0,1,0,1,1,1
P_imbricata,0,1,1,1,1,1
M_galloprovincialis,0,1,1,1,1,1
M_strigata,0,1,1,1,1,1
P_streckersoni,0,1,0,1,1,1
S_velum,0,1,0,1,1,0
R_philippinarum,0,1,0,1,1,1
C_gallina,0,1,1,1,1,0
D_polymorpha,1,1,1,0,1,1
M_antiquata,0,1,1,1,1,1
G_aegis,1,1,0,1,0,1
P_caerulea,1,1,1,0,0,1
E_scolopes,0,1,0,1,0,0
L_gigantea,1,1,1,1,0,0
H_rufescens,1,1,1,1,0,1
B_areolata,0,1,1,1,0,0
L_sinensis,0,1,1,1,0,0
H_rubra,1,1,1,1,0,1
A_hians,0,1,0,1,0,0
H_asinina,1,1,1,1,0,1
N_lapillus,0,1,1,1,0,0
P_vulgata,1,1,1,0,0,1
B_attramentaria,0,1,1,1,0,0
L_stagnalis,0,1,1,1,1,0
A_californica,0,1,1,1,0,0
O_sinensis,1,1,0,0,0,0
T_obsoleta,0,1,0,0,0,0
H_cracherodii,0,1,0,0,0,0
C_atrasolea,0,1,0,0,0,0
L_saxatilis,0,1,1,1,0,0
C_fornicata,0,1,0,0,0,0
S_woodiana,1,0,1,0,1,1
E_marginata,1,0,0,1,1,0
B_similaris,0,0,1,0,0,0
E_crispata,0,0,1,1,0,0
P_acuta,0,0,1,1,1,0
T_granosa,0,0,1,1,1,1
P_ocellatus,0,0,1,1,1,0
B_glabrata,0,0,0,1,1,0
P_canaliculata,0,0,0,1,0,0
B_stephanieae,0,0,0,1,1,0
C_unifasciata,0,0,0,1,0,0
O_bimaculoides,0,0,0,1,0,0
O_vulgaris,0,0,0,1,0,0
B_truncatus,0,0,0,1,1,0
B_pfeifferi,0,0,0,1,1,0
E_chlorotica,0,0,0,1,1,0
A_farreri,0,0,0,0,1,0