Species,Class,1,2,3,4,5,6,7,8,9,10,11,12,13,14,15,16,17,18,19,20,21,22,23,24,25,26,27,28,29,30,31,32,33,34,35,36,37,38,39,40,41,42,43,44,45,46,47,48,49,50,51,52,53,54,55,56,57,58,59,60,61,62,63,64,65,66,67,68,69,70,71,72,73,74,75,76,,,
A_avicula,Chiton,0,0,0,0,0,0,0,0,0,0,0,0,0,0,0,0,0,0,0,0,0,0,0,0,0,0,0,0,0,0,0,0,0,0,0,0,0,0,0,0,0,0,0,0,0,0,0,0,0,0,0,0,0,0,0,0,0,0,0,0,0,0,1,0,0,0,0,0,0,0,0,0,0,0,0,0,,,
A_californica,Gastropod,0,1,1,1,0,0,1,0,0,0,0,1,1,0,1,1,1,0,0,0,1,0,0,0,0,0,1,0,0,0,0,0,0,0,0,0,0,0,0,0,0,0,0,0,0,0,0,0,1,1,0,0,0,0,0,0,0,1,1,1,0,1,1,1,1,1,1,0,1,0,0,1,0,0,0,1,,,
A_esculentum,Cephalopod,0,0,0,0,0,0,0,0,0,0,0,0,0,0,0,0,0,0,0,0,0,0,0,0,0,0,0,0,0,0,0,0,1,0,0,0,0,0,0,0,0,0,0,0,0,0,0,0,0,0,0,0,0,0,0,0,0,0,0,0,0,0,0,0,0,0,0,0,0,0,0,0,0,0,0,0,,,
A_farreri,Bivalve,0,0,0,0,1,0,0,0,0,0,0,0,0,0,1,0,0,0,0,0,0,0,0,0,0,0,0,0,0,0,0,0,0,0,0,0,0,0,0,0,0,0,0,0,0,0,0,0,1,0,0,0,0,0,0,0,0,0,0,0,0,0,0,0,0,0,0,0,0,0,0,0,0,0,1,1,,,
A_hians,Cephalopod,0,1,0,1,0,0,1,0,1,0,0,1,1,1,0,1,0,0,1,0,0,0,0,1,1,0,1,0,0,0,0,0,0,0,0,0,1,0,0,1,0,0,0,1,0,0,0,0,0,0,0,0,0,0,0,0,0,1,0,1,0,1,0,0,0,0,1,0,1,0,1,0,0,1,0,1,,,
A_irradians,Bivalve,0,1,0,1,1,1,1,1,1,0,1,1,1,1,1,1,1,0,1,0,1,0,0,1,1,0,1,0,0,1,0,1,1,0,1,1,1,0,0,0,0,0,0,1,1,1,1,1,0,1,0,0,0,0,0,0,1,1,1,1,0,1,1,0,0,0,0,1,0,0,0,0,0,1,0,0,,,
A_kurodai,Gastropod,0,0,0,0,0,0,0,0,0,0,0,0,0,0,0,0,0,0,0,0,0,0,0,0,0,0,0,0,0,0,0,0,0,0,0,0,0,0,0,0,0,0,0,0,0,0,0,0,1,0,0,0,0,0,0,0,0,0,0,0,0,0,0,0,0,0,0,0,0,0,0,0,0,0,0,0,,,
A_packardana,Bivalve,0,0,0,0,0,0,0,0,0,0,0,0,0,0,0,0,0,0,0,0,0,0,0,0,0,0,0,0,0,0,0,0,0,0,0,0,0,0,0,0,0,0,0,0,0,0,0,0,0,0,0,0,0,0,0,0,0,0,0,0,0,1,0,0,0,0,0,0,0,0,0,0,0,0,0,0,,,
A_pectinata,Bivalve,0,1,0,0,0,0,1,1,0,0,0,0,0,1,0,1,0,0,0,0,0,0,0,0,0,0,0,0,0,0,0,0,0,0,0,0,0,0,0,0,1,0,0,0,0,0,0,0,1,0,0,0,0,0,0,0,0,0,0,0,0,0,0,0,0,0,0,0,0,0,0,0,0,0,0,0,,,
A_pharaonis,Cephalopod,0,0,0,0,0,0,0,0,0,0,0,0,0,0,0,0,1,0,0,0,0,0,0,1,0,0,1,0,0,0,0,0,0,0,0,0,0,0,0,0,0,0,0,0,0,0,0,0,0,0,0,0,0,0,0,0,0,1,0,1,0,1,1,0,0,0,0,0,0,0,0,0,0,0,0,0,,,
A_rubrolineata,Chiton,0,0,0,0,0,0,0,0,0,0,0,0,0,0,0,0,0,0,0,0,0,0,0,0,0,0,0,0,0,0,0,0,0,0,0,0,0,0,0,0,0,0,0,0,0,0,0,0,0,0,0,0,0,0,0,0,0,0,0,0,0,0,1,0,0,0,0,0,0,0,0,0,0,0,0,0,,,
B_areolata,Gastropod,0,1,1,1,0,0,1,1,1,0,0,0,0,1,1,1,1,0,1,0,1,0,0,1,0,0,1,0,0,0,0,0,1,0,1,0,1,0,0,0,0,0,0,1,1,1,1,1,1,0,0,0,0,0,0,0,1,1,1,1,0,1,0,1,1,1,0,0,0,0,0,0,1,1,0,0,,,
B_attramentaria,Gastropod,0,1,1,1,0,0,0,0,0,0,1,0,1,1,0,1,0,0,1,0,1,0,0,1,0,0,1,0,0,0,0,0,1,0,1,0,0,0,0,1,0,0,0,1,1,0,1,0,0,0,0,0,0,0,0,0,0,1,1,1,0,1,1,1,1,1,0,0,0,0,0,0,0,0,0,0,,,
B_glabrata,Gastropod,0,0,0,1,1,0,1,0,0,0,0,1,1,0,1,1,0,0,0,0,1,0,0,1,0,1,1,0,0,0,0,0,0,0,0,0,0,0,0,0,0,0,1,0,0,0,1,0,0,0,0,0,0,0,0,0,0,0,1,1,0,1,1,1,1,1,1,0,1,1,1,0,1,0,1,0,,,
B_pfeifferi,Gastropod,0,0,0,1,1,0,0,0,0,0,0,1,0,0,0,0,0,0,0,0,0,0,0,0,0,0,0,0,0,0,0,0,1,0,1,0,0,0,0,0,0,0,0,0,0,0,0,0,1,0,0,0,0,0,0,0,0,0,1,1,0,0,0,0,0,0,1,1,1,1,1,1,1,0,1,0,,,
B_similaris,Gastropod,0,0,1,0,0,0,1,0,0,0,0,0,0,0,1,1,1,0,0,0,1,0,0,1,0,0,1,0,0,0,0,0,0,0,1,0,0,0,0,0,0,0,0,1,0,0,1,1,0,0,0,0,0,0,0,0,0,0,1,1,0,0,0,0,0,0,0,1,0,0,0,0,0,0,1,1,,,
B_stephanieae,Gastropod,0,0,0,1,1,0,1,0,1,0,0,0,1,0,1,1,1,0,0,0,1,0,0,1,0,0,0,0,0,0,0,0,0,0,0,0,0,0,0,0,0,0,0,0,1,0,0,1,0,1,0,0,0,0,0,0,0,0,1,1,0,1,1,1,1,1,0,0,0,0,0,0,0,0,0,0,,,
B_truncatus,Gastropod,0,0,0,1,1,0,0,0,0,0,0,0,0,0,1,1,0,0,1,1,1,0,0,1,0,0,1,1,1,0,0,0,0,0,1,0,0,0,0,0,0,0,0,0,0,0,0,1,0,1,0,0,0,0,0,0,0,0,0,1,0,1,1,1,1,1,0,0,0,0,0,0,0,0,1,0,,,
C_ammiralis,Gastropod,0,0,0,0,0,0,0,0,0,0,0,0,0,0,0,0,0,0,0,0,0,0,0,0,0,0,0,0,0,0,0,0,0,0,0,0,0,0,0,0,0,0,0,0,0,0,0,0,0,0,0,0,0,0,0,0,0,0,0,0,0,1,0,0,0,0,0,0,0,0,0,0,0,0,0,0,,,
C_anemone,Gastropod,0,0,0,0,0,0,0,0,0,0,0,0,0,0,0,0,0,0,0,0,0,0,0,1,0,0,0,0,0,0,0,0,0,0,0,0,0,0,0,0,0,0,0,0,0,0,0,0,0,0,0,0,0,0,0,0,0,0,0,0,0,0,0,0,0,0,0,0,0,0,0,0,0,0,0,0,,,
C_atrasolea,Gastropod,0,1,0,0,0,0,0,0,0,0,0,0,0,1,0,0,0,0,0,0,0,0,0,0,0,0,0,0,0,0,0,0,0,0,0,0,0,0,0,0,0,0,0,0,0,0,0,0,0,0,0,0,0,0,0,0,0,0,0,0,0,0,0,0,0,0,0,0,0,0,0,0,0,0,0,0,,,
C_ebraeus,Gastropod,0,0,0,0,0,0,0,0,0,0,0,0,0,0,0,0,0,0,0,0,0,0,0,1,0,0,0,0,0,0,0,0,0,0,0,0,0,0,0,0,0,0,0,0,0,0,0,0,0,0,0,0,0,0,0,0,0,0,0,0,0,0,0,0,0,0,0,0,0,0,0,0,0,0,0,0,,,
C_fornicata,Gastropod,0,1,0,0,0,0,0,1,0,0,0,0,0,1,0,0,0,0,0,0,0,0,0,0,0,0,0,0,0,0,0,0,0,0,0,0,0,0,0,0,0,0,0,0,0,0,0,0,1,0,0,0,0,0,0,0,0,1,0,0,0,0,0,0,0,0,0,0,0,0,0,0,0,0,0,0,,,
C_gallina,Bivalve,0,1,1,1,1,0,1,0,1,0,1,1,1,1,1,1,1,0,1,0,1,0,0,1,1,1,0,0,0,0,0,0,1,0,1,1,0,0,0,0,0,0,0,1,1,1,1,0,1,0,0,0,0,0,0,0,0,1,1,1,0,1,0,1,1,1,1,0,1,0,0,0,1,0,1,0,,,
C_judaeus,Gastropod,0,0,0,0,0,0,0,0,0,0,0,0,0,0,0,0,0,0,0,0,0,0,0,1,0,0,0,0,0,0,0,0,0,0,0,0,0,0,0,0,0,0,0,0,0,0,0,0,0,0,0,0,0,0,0,0,0,0,0,0,0,0,0,0,0,0,0,0,0,0,0,0,0,0,0,0,,,
C_unifasciata,Gastropod,0,0,0,1,0,0,1,0,0,0,1,0,0,0,0,1,1,0,0,0,1,0,0,1,0,0,0,0,0,0,0,0,0,0,1,0,0,0,0,0,0,0,0,0,0,0,1,1,0,0,0,0,0,0,0,0,0,0,1,1,0,1,0,1,1,1,1,1,1,0,0,1,0,1,0,0,,,
C_virginica,Bivalve,1,1,1,1,1,1,1,1,1,1,1,1,1,1,1,1,1,1,1,0,1,1,1,1,1,1,1,0,0,1,1,1,1,1,1,1,1,0,1,1,1,0,1,1,1,1,1,1,1,1,1,1,1,1,1,1,1,0,1,1,0,1,1,1,1,1,1,1,1,1,0,1,1,0,1,0,,,
D_polymorpha,Bivalve,1,1,1,0,1,1,1,0,1,0,0,1,1,1,1,0,1,0,0,0,1,0,0,1,1,0,1,0,0,1,0,0,1,0,1,1,1,0,0,1,0,0,0,0,1,1,1,0,1,0,0,0,0,0,1,0,1,1,1,1,0,1,1,1,1,1,0,0,0,0,1,1,0,1,1,1,,,
E_chlorotica,Gastropod,0,0,0,1,1,0,1,0,0,0,0,0,0,0,1,0,0,0,1,0,1,0,0,0,0,0,1,0,0,0,0,0,0,0,0,0,0,0,0,0,0,0,0,1,0,0,0,0,0,0,0,0,0,0,0,0,0,0,0,1,0,0,0,1,1,1,0,0,0,0,1,0,0,0,0,0,,,
E_crispata,Gastropod,0,0,1,1,0,0,1,0,0,0,0,1,0,0,0,1,0,0,0,0,1,0,0,0,0,0,0,0,0,0,0,0,0,0,1,0,0,0,0,0,0,0,0,1,0,0,1,0,0,0,0,0,0,0,0,0,0,1,1,1,0,1,1,1,1,1,0,0,0,0,1,0,0,1,1,0,,,
E_marginata,Gastropod,1,0,0,1,1,0,0,0,0,0,0,0,1,0,0,0,0,0,0,0,1,0,0,1,0,0,0,0,0,0,0,0,1,0,0,0,0,0,0,0,0,0,0,1,0,0,1,0,1,0,0,0,0,0,0,0,0,0,0,1,0,0,1,1,1,1,0,0,1,1,1,0,1,0,0,1,,,
E_scolopes,Cephalopod,0,1,0,1,0,0,1,0,0,0,0,1,1,1,0,1,1,0,0,0,1,0,0,1,0,1,1,0,0,0,0,0,1,0,0,1,1,0,0,1,0,0,0,0,0,0,0,0,1,0,0,0,0,0,0,0,0,1,1,1,0,0,0,0,0,0,1,0,1,0,1,0,0,1,0,0,,,
G_aegis,Gastropod,1,1,0,1,0,1,1,1,0,0,0,0,0,1,1,1,1,0,1,0,1,0,0,1,0,0,1,0,0,0,0,0,1,0,1,1,0,0,0,0,0,0,0,0,1,0,0,0,1,1,0,0,0,0,0,0,0,1,1,1,0,0,1,0,0,0,1,0,1,1,0,0,1,1,1,0,,,
H_asinina,Gastropod,1,1,1,1,0,1,1,1,1,0,0,0,1,1,1,1,1,0,1,0,1,0,0,1,0,0,1,0,0,1,0,0,1,0,1,1,0,0,0,0,0,0,0,0,1,1,1,1,1,1,0,0,0,0,0,0,0,1,1,1,0,0,1,1,1,1,1,1,1,1,0,1,1,0,0,0,,,
H_bleekeri,Cephalopod,0,0,0,0,0,0,0,0,0,0,0,0,0,0,0,0,0,0,0,0,0,0,0,0,0,0,0,0,0,0,0,0,1,0,0,0,0,0,0,0,0,0,0,0,0,0,0,0,0,0,0,0,0,0,0,0,0,0,0,0,0,0,0,0,0,0,0,0,0,0,0,0,0,0,0,0,,,
H_cracherodii,Gastropod,0,1,0,0,0,0,1,1,0,0,0,0,0,0,0,1,0,0,1,0,1,0,0,0,0,0,0,0,0,0,0,0,0,0,1,1,0,0,0,0,0,0,0,0,0,0,1,1,0,0,0,0,0,0,0,0,0,1,1,1,0,1,0,1,1,1,0,0,0,1,0,0,1,0,1,0,,,
H_discus,Gastropod,0,0,0,0,0,0,0,0,0,0,0,0,0,0,,0,0,0,0,0,0,0,0,0,0,0,0,0,0,0,0,0,1,0,0,0,0,0,0,0,0,0,0,0,0,0,0,0,0,0,0,0,0,0,0,0,0,0,0,0,0,0,0,0,0,0,0,0,0,0,0,0,0,0,0,0,,,
H_gigantea,Gastropod,0,0,0,0,0,0,0,0,0,0,0,0,0,0,0,0,0,0,0,0,0,0,0,0,0,0,0,0,0,0,0,0,0,0,0,0,0,0,0,0,0,0,0,0,0,0,1,1,0,0,0,0,0,0,0,0,0,0,0,0,0,0,0,0,0,0,0,0,0,0,0,0,0,0,0,0,,,
H_hannai,Gastropod,0,0,0,0,0,0,0,0,0,0,0,0,0,0,0,0,0,0,0,0,0,0,0,1,0,0,0,0,0,0,0,0,0,0,0,0,0,0,0,0,0,0,0,0,0,0,0,0,0,0,0,0,0,0,0,0,0,0,0,0,0,0,0,0,0,0,0,0,0,0,0,0,0,0,0,0,,,
H_rubra,Gastropod,1,1,1,1,0,1,0,1,0,0,0,0,1,1,1,0,0,0,1,0,1,0,0,1,0,0,1,0,0,0,0,0,1,0,1,1,0,0,0,0,0,0,0,0,1,1,1,1,1,1,0,0,0,0,0,0,0,1,1,1,0,1,1,0,0,0,1,1,1,1,0,1,1,0,0,0,,,
H_rufescens,Gastropod,1,1,1,1,0,1,0,1,1,0,1,0,1,1,1,0,1,0,0,0,1,0,0,1,0,0,1,0,0,1,0,0,1,0,1,1,0,0,0,0,0,0,0,0,1,1,1,1,1,1,0,0,0,0,0,0,0,1,1,1,0,1,1,0,0,0,1,1,0,1,0,1,1,1,1,1,,,
L_gigantea,Gastropod,1,1,1,1,0,0,0,1,1,0,0,0,1,1,0,1,0,0,0,0,1,0,0,1,1,0,1,0,0,0,0,0,1,0,0,0,1,0,0,0,0,0,0,0,1,1,0,1,1,0,0,0,0,0,0,0,0,1,1,1,0,1,0,0,0,0,1,0,1,0,1,0,1,0,0,0,,,
L_littorea,Gastropod,0,0,0,0,0,0,0,0,0,0,0,0,0,0,1,0,0,0,0,0,0,0,0,0,0,0,0,0,0,0,0,0,0,0,0,0,0,0,0,0,0,0,0,0,0,0,0,0,0,0,0,0,0,0,0,0,0,0,0,0,0,0,0,0,0,0,0,0,0,0,0,0,0,0,0,0,,,
L_saxatilis,Gastropod,0,1,1,1,0,0,1,1,1,0,0,1,1,1,0,0,1,0,1,0,1,0,0,1,0,0,0,0,0,0,0,0,1,0,1,0,0,0,0,0,0,0,0,0,1,0,1,1,1,0,0,0,0,0,0,0,0,1,1,1,0,1,0,1,1,1,1,0,1,0,1,1,0,0,1,0,,,
L_sinensis,Chiton,0,1,1,1,0,0,1,1,1,0,0,1,1,1,1,1,1,0,1,0,1,0,0,1,0,0,1,0,0,1,0,0,1,0,1,1,1,0,0,1,0,0,0,1,1,0,0,1,0,1,0,0,0,0,0,0,0,1,1,1,0,1,1,0,0,0,0,0,1,1,0,1,1,0,1,0,,,
L_stagnalis,Gastropod,0,1,1,1,1,0,1,0,0,0,0,0,1,1,1,1,1,0,0,0,1,0,0,1,0,0,1,0,0,0,0,0,1,0,0,0,1,0,0,1,0,0,0,1,1,0,0,1,1,1,0,0,0,0,0,0,0,0,1,1,0,0,1,1,1,1,0,1,0,1,0,0,0,0,0,1,,,
M_angulata,Bivalve,1,1,1,1,1,1,1,1,1,0,1,1,1,1,1,1,1,1,0,1,1,1,1,1,1,1,1,1,1,1,1,1,1,1,1,1,1,1,0,1,0,1,0,1,1,1,1,1,1,1,1,1,1,1,1,1,1,0,1,1,0,1,1,1,1,1,1,1,1,1,1,1,1,0,1,1,,,
M_antiquata,Bivalve,0,1,1,1,1,1,1,0,1,0,1,0,1,0,1,0,1,0,0,0,1,0,0,1,1,0,0,0,0,0,0,0,1,0,1,0,1,0,0,1,0,0,0,0,1,1,1,0,1,1,0,0,0,0,1,0,1,1,1,1,0,1,1,1,1,1,1,0,1,1,1,1,1,0,1,0,,,
M_arenaria,Bivalve,1,1,1,0,1,1,1,0,1,0,0,1,0,0,1,0,1,0,0,0,1,0,0,1,1,0,1,0,0,1,0,0,1,0,1,1,0,0,0,0,0,0,0,1,1,1,1,0,1,1,0,0,0,0,1,0,1,1,1,1,0,1,1,1,1,1,1,0,1,0,1,0,0,0,0,1,,,
M_californianus,Bivalve,1,1,1,1,0,1,1,1,0,0,1,0,0,1,1,1,1,0,1,0,0,0,0,1,1,0,1,0,0,1,0,1,1,0,1,1,1,0,0,1,0,0,0,0,1,1,0,1,1,1,0,0,0,0,0,0,1,0,1,1,0,1,1,1,1,1,0,1,0,1,1,0,1,1,1,1,,,
M_coruscus,Bivalve,1,1,1,0,1,1,1,1,1,0,1,0,1,1,1,1,0,0,1,0,0,0,0,1,1,0,1,0,0,1,0,1,1,0,1,1,1,0,0,1,0,0,0,1,1,1,1,1,1,1,0,0,0,1,1,1,1,1,1,0,0,1,1,0,0,0,0,1,1,1,1,1,1,1,1,1,,,
M_edulis,Bivalve,1,1,0,1,1,1,1,1,1,0,1,0,1,1,0,1,0,0,1,0,1,0,0,1,1,0,1,0,0,1,0,1,1,0,1,1,1,0,0,1,0,0,0,1,1,1,1,1,1,1,0,0,0,0,0,0,1,0,1,1,0,1,1,1,1,1,1,1,1,1,1,0,1,0,1,1,,,
M_galloprovincialis,Bivalve,0,1,1,1,1,1,1,1,1,0,1,0,1,1,1,1,1,0,1,0,1,0,0,1,1,0,1,0,0,1,0,1,0,0,1,1,1,0,0,1,0,0,0,1,1,1,1,1,0,1,0,0,0,0,0,0,1,0,1,1,0,1,1,1,1,1,0,1,0,1,1,0,1,1,1,1,,,
M_gigas,Bivalve,1,1,1,1,1,1,1,1,1,1,1,1,1,1,1,1,1,1,1,1,1,1,1,1,1,1,1,1,1,1,1,1,1,1,1,1,1,1,1,1,1,1,1,1,1,1,1,1,1,1,1,1,1,1,1,1,1,0,1,0,0,1,1,1,1,1,1,1,1,1,0,1,1,1,1,1,,,
M_hongkongensis,Bivalve,0,0,0,0,0,0,0,0,0,0,0,0,0,0,0,0,0,0,0,0,0,0,0,0,0,0,0,0,0,1,0,0,0,0,0,0,0,0,0,0,0,0,0,0,0,0,0,0,0,0,0,0,0,0,0,0,0,0,0,0,0,0,0,0,0,0,0,1,0,0,0,0,0,0,0,0,,,
M_mercenaria,Bivalve,1,1,1,0,1,1,1,1,1,0,1,0,1,1,1,0,1,0,0,0,1,0,0,1,0,0,0,0,0,1,0,0,0,0,1,1,0,0,0,0,0,0,0,1,1,1,0,0,1,0,0,0,1,0,1,0,1,1,1,1,0,0,1,1,1,1,1,0,1,1,1,1,1,0,1,1,,,
M_nippona,Bivalve,0,0,0,0,0,0,0,0,0,0,0,0,0,0,0,0,0,0,0,0,0,0,0,0,0,0,0,0,0,0,0,0,0,0,0,0,0,0,0,0,0,0,0,0,0,0,0,0,0,0,0,0,0,0,0,0,0,0,0,0,0,0,0,0,0,0,0,1,0,1,0,0,0,0,0,0,,,
M_strigata,Bivalve,0,1,1,1,1,1,1,1,1,0,1,1,1,1,1,1,1,0,1,0,1,0,0,1,1,0,1,0,0,1,0,1,1,0,1,1,1,0,0,1,0,0,0,1,1,1,1,1,1,1,0,0,1,0,0,0,1,1,1,1,0,1,1,0,0,0,0,0,0,0,1,0,0,1,1,1,,,
M_trossulus,Bivalve,1,1,1,1,1,1,0,0,1,0,1,1,1,1,1,0,0,0,1,0,0,0,0,1,1,0,1,0,0,1,0,1,0,0,1,1,1,0,0,1,0,0,0,0,1,1,1,1,0,1,0,0,0,1,1,1,1,1,1,1,0,0,0,1,1,1,1,1,1,1,1,0,1,1,1,1,,,
M_truncata,Bivalve,0,0,0,0,0,0,0,0,0,0,0,0,0,0,0,0,0,0,0,0,0,0,0,0,0,0,0,0,0,0,0,0,0,0,0,0,0,0,0,0,0,0,0,0,0,0,0,0,0,0,0,0,0,0,0,0,0,0,0,0,0,0,0,1,1,1,0,0,0,0,0,0,0,0,0,0,,,
M_yessoensis,Bivalve,1,0,1,1,1,1,1,1,1,0,1,0,1,1,1,1,1,0,1,0,1,0,0,1,1,0,1,0,0,1,0,1,1,0,1,1,1,0,0,0,0,0,0,1,1,1,1,1,1,1,0,0,0,0,0,0,1,1,1,1,0,1,1,0,0,0,1,1,1,1,1,1,1,0,1,1,,,
N_lapillus,Gastropod,0,1,1,1,0,0,1,1,1,0,0,0,0,0,0,1,1,0,1,0,1,0,0,1,0,0,1,0,0,0,0,0,1,0,1,0,0,0,0,0,0,0,0,0,1,0,1,1,1,0,0,0,0,0,0,0,0,1,1,1,0,1,1,1,1,1,1,0,1,1,1,1,1,0,1,0,,,
O_bimaculoides,Cephalopod,0,0,0,1,0,0,1,0,1,0,0,1,1,0,0,1,1,0,0,0,0,0,0,0,0,0,1,0,0,0,0,0,0,0,0,1,1,0,0,1,0,0,0,1,0,1,0,0,0,0,0,0,0,0,0,0,0,1,1,1,0,0,0,0,0,0,1,0,1,0,0,1,0,0,0,0,,,
O_edulis,Bivalve,1,1,1,1,1,1,1,1,1,1,1,1,1,1,1,1,1,1,1,0,1,1,1,1,1,1,1,0,0,1,1,1,1,1,1,1,1,0,1,1,1,0,1,1,1,1,1,1,1,1,0,1,1,1,1,1,1,0,1,1,0,1,1,1,1,1,1,1,1,0,1,1,1,1,1,1,,,
O_sinensis,Cephalopod,1,1,0,0,0,0,1,0,1,0,0,1,1,1,0,0,1,0,0,0,0,0,0,0,0,1,1,0,0,0,0,0,1,0,0,1,1,0,0,1,0,0,0,0,0,1,0,0,1,0,0,0,0,0,0,0,0,1,1,1,0,0,0,0,0,0,1,0,1,0,0,0,0,0,1,0,,,
O_vulgaris,Cephalopod,0,0,0,1,0,0,0,0,0,0,0,1,0,0,0,0,1,0,0,0,0,0,0,0,0,0,1,0,0,1,0,0,1,0,0,1,1,0,0,1,0,0,0,0,0,0,0,0,1,0,0,0,0,0,0,0,0,1,1,1,0,1,0,0,0,0,0,0,0,0,0,0,0,0,0,1,,,
P_acuta,Gastropod,0,0,1,1,1,0,1,0,1,0,0,0,0,0,1,1,1,0,1,0,1,0,0,1,0,0,0,0,0,0,0,0,1,0,0,0,1,0,0,1,0,0,0,1,0,0,1,0,1,1,0,0,0,0,0,0,0,1,1,1,0,1,1,1,1,1,0,0,0,0,1,0,0,0,1,0,,,
P_caerulea,Gastropod,1,1,1,0,0,1,1,1,1,0,0,1,0,1,0,1,1,0,1,0,1,0,0,1,0,0,0,0,0,0,0,0,1,0,0,0,0,0,0,0,0,0,0,0,1,0,0,1,1,0,0,0,0,0,0,0,0,1,0,1,0,0,1,0,0,0,0,0,0,0,1,0,0,0,1,0,,,
P_canaliculata,Gastropod,0,0,0,1,0,0,1,1,0,0,0,1,1,0,0,0,1,0,1,0,1,0,0,1,0,0,0,0,0,0,0,0,1,0,1,0,0,0,0,0,0,0,0,1,0,0,0,1,1,0,0,0,0,0,0,0,0,1,1,1,0,1,0,1,1,1,0,0,0,1,0,0,1,0,1,1,,,
P_fucata,Bivalve,0,1,0,1,1,0,1,1,1,0,0,0,0,1,1,1,0,0,0,0,0,0,0,0,0,0,0,0,0,0,0,0,0,0,0,0,0,0,0,0,1,0,0,0,0,0,0,0,1,0,0,0,0,0,0,0,0,0,0,0,0,0,0,0,0,0,1,1,1,1,1,1,1,1,1,1,,,
P_imbricata,Bivalve,0,1,1,1,1,1,1,1,1,0,1,1,0,1,1,1,1,0,1,0,1,0,0,1,1,1,1,0,0,1,0,0,1,0,1,1,0,0,0,1,1,0,0,1,1,1,0,1,1,1,0,0,1,0,1,0,1,0,1,1,0,1,1,0,0,0,1,1,1,1,0,1,1,1,1,1,,,
P_margaritifera,Bivalve,0,1,0,0,1,0,1,1,0,0,0,0,0,1,0,1,0,0,0,0,0,0,0,0,0,0,0,0,0,0,0,0,0,0,0,0,0,0,0,0,1,0,0,0,0,1,0,0,1,0,0,0,0,0,0,0,0,0,0,0,0,0,0,0,0,0,1,1,1,1,1,1,0,0,1,1,,,
P_maxima,Bivalve,1,1,1,1,1,1,1,1,0,0,1,1,1,1,1,1,1,0,1,0,1,1,0,1,1,0,1,0,0,0,0,0,0,0,1,1,0,0,0,0,1,0,0,0,1,1,0,1,0,1,0,0,0,0,1,0,1,0,0,0,0,1,1,0,0,0,1,1,1,1,1,1,1,1,1,1,,,
P_maximus,Bivalve,1,0,1,1,1,1,1,1,1,0,1,0,1,1,1,1,1,0,1,0,1,0,0,1,1,1,1,0,0,1,0,1,1,0,1,1,1,0,0,1,0,0,0,1,1,0,1,1,1,1,0,0,1,0,0,0,1,1,1,1,0,0,1,1,1,1,0,1,0,0,0,0,1,0,0,0,,,
P_mazatlanica,Bivalve,0,0,0,0,0,0,0,0,0,0,0,0,0,0,0,0,0,0,0,0,0,0,0,0,0,0,0,0,0,0,0,0,0,0,0,0,0,0,0,0,0,0,0,0,0,0,0,0,0,0,0,0,0,0,0,0,0,0,0,0,0,0,0,0,0,0,0,0,0,1,0,0,1,0,0,0,,,
P_mimula,Gastropod,0,0,0,0,0,0,0,0,0,0,0,0,0,0,0,0,0,0,0,0,0,0,0,1,0,0,0,0,0,0,0,0,0,0,0,0,0,0,0,0,0,0,0,0,0,0,0,0,0,0,0,0,0,0,0,0,0,0,0,0,0,0,0,0,0,0,0,0,0,0,0,0,0,0,0,0,,,
P_nobilis,Bivalve,0,0,0,0,0,0,0,0,0,0,0,0,0,0,,0,0,0,0,0,0,0,0,0,0,0,0,0,0,0,0,0,0,0,0,0,0,0,0,0,1,0,0,0,0,0,0,0,0,0,0,0,0,0,0,0,0,0,0,0,0,0,0,0,0,0,0,0,0,0,0,0,0,0,0,0,,,
P_ocellatus,Gastropod,0,0,1,1,1,0,1,0,0,0,0,0,0,0,0,1,0,0,1,0,1,0,0,0,0,0,0,0,0,0,0,0,0,0,0,0,0,0,0,0,0,0,0,1,0,0,1,0,0,0,0,0,0,0,0,0,0,1,1,1,0,0,1,1,1,1,0,1,0,1,1,0,1,0,1,0,,,
P_okutanii,Bivalve,0,0,0,0,0,0,0,0,0,0,0,0,0,0,0,0,0,0,0,0,0,0,0,0,0,0,0,0,0,0,0,0,0,0,0,0,0,0,0,0,0,0,0,0,0,0,0,0,0,0,0,0,0,0,0,0,0,0,0,0,0,1,0,0,0,0,0,0,0,0,0,0,0,0,0,0,,,
P_penguin,Bivalve,0,0,0,0,0,0,0,0,0,0,0,0,0,0,0,0,0,0,0,0,0,0,0,0,0,0,0,0,0,0,0,0,0,0,0,0,0,0,0,0,0,0,0,0,0,0,0,0,0,0,0,0,0,0,0,0,0,0,0,0,0,0,0,0,0,0,0,0,0,0,1,0,0,0,0,0,,,
P_sterna,Bivalve,0,0,0,0,0,0,0,0,0,0,0,0,0,0,0,0,0,0,0,0,0,0,0,0,0,0,0,0,0,0,0,0,0,0,0,0,0,0,0,0,0,0,0,0,0,0,0,0,0,0,0,0,0,0,0,0,0,0,0,0,0,0,0,0,0,0,1,1,1,1,0,1,0,0,0,0,,,
P_streckersoni,Bivalve,0,1,0,1,1,1,1,1,1,0,0,1,1,1,1,1,1,0,1,0,1,0,0,1,1,0,1,0,0,0,0,0,0,0,1,1,0,0,0,0,0,0,0,1,1,1,0,0,1,1,0,0,0,1,1,1,0,1,1,0,0,0,1,1,1,1,1,0,1,1,0,0,1,1,1,1,,,
P_viridis,BIvalve,0,0,0,0,0,0,0,0,0,0,0,0,0,0,0,0,0,0,0,0,0,0,0,0,0,0,0,0,0,0,0,0,1,0,0,0,0,0,0,0,0,0,0,0,0,0,0,0,1,0,0,0,0,0,0,0,0,0,0,0,0,0,0,0,0,0,0,0,0,0,0,0,0,0,0,0,,,
P_vulgata,Bivalve,1,1,1,0,0,1,1,1,1,0,0,0,0,1,1,1,1,0,1,0,0,0,0,1,0,0,1,0,0,0,0,0,1,0,0,0,1,0,0,1,0,0,0,0,1,1,0,1,1,0,0,0,0,0,0,0,0,0,1,1,0,1,1,1,1,1,0,0,0,0,1,0,0,0,1,0,,,
R_philippinarum,Bivalve,0,1,0,1,1,1,1,1,1,0,1,1,1,1,1,0,1,0,0,0,1,0,0,1,1,0,1,0,0,0,0,0,1,0,1,1,0,0,0,1,0,0,0,1,1,1,1,0,0,1,0,0,1,0,1,1,1,1,1,1,0,1,0,1,1,1,1,0,1,1,0,1,1,0,1,1,,,
S_cuccullata,Bivalve,1,1,1,0,1,1,1,1,1,1,1,1,1,1,1,1,1,1,1,0,1,1,1,1,1,1,1,0,0,1,1,1,0,1,1,1,1,0,1,1,1,0,1,1,1,1,1,1,1,1,0,1,1,1,1,1,1,0,1,1,0,1,1,1,1,1,1,1,1,1,1,1,1,0,1,1,,,
S_cumingii,BIvalve,0,0,0,0,0,0,0,0,0,0,0,0,0,0,0,0,0,0,0,0,0,0,0,0,0,0,0,0,0,0,0,0,1,0,0,0,0,0,0,0,0,0,0,0,0,0,0,0,0,0,0,0,0,0,0,0,0,0,0,0,0,0,0,0,0,0,0,0,0,0,0,0,1,1,0,0,,,
S_echinata,Bivalve,1,1,1,1,1,1,0,1,1,1,1,1,1,1,1,1,1,1,1,1,1,1,1,1,1,1,1,0,0,1,1,1,1,0,1,1,1,0,1,1,1,0,1,1,1,1,1,1,1,1,0,1,1,0,1,1,1,0,1,1,0,1,1,0,0,0,1,1,1,1,1,0,1,1,1,1,,,
S_schlegelli,Bivalve,0,0,0,0,0,0,0,0,0,0,0,0,0,0,0,0,0,0,0,0,0,0,0,1,0,0,0,0,0,0,0,0,0,0,0,0,0,0,0,0,0,0,0,0,0,0,0,0,0,0,0,0,0,0,0,0,0,0,0,0,0,0,0,0,0,0,0,0,0,0,0,0,0,0,0,0,,,
S_velum,Bivalve,0,1,0,1,1,0,0,1,1,0,0,1,0,1,1,1,1,0,1,0,1,0,0,1,0,0,1,0,0,1,0,0,1,0,1,1,0,0,0,0,0,0,0,1,1,1,1,0,1,0,0,0,0,0,0,0,0,0,1,1,0,1,1,1,1,1,0,0,0,0,0,1,0,1,0,1,,,
S_woodiana,Bivalve,1,0,1,0,1,1,1,1,1,0,1,0,1,1,1,1,1,0,1,0,1,0,0,1,1,0,1,0,0,1,0,0,1,0,1,1,0,0,0,0,0,0,0,1,1,1,1,1,1,1,0,0,0,1,1,1,0,1,1,1,0,1,1,1,1,1,1,0,1,0,0,0,0,1,1,1,,,
T_granosa,Bivalve,0,0,1,1,1,1,1,0,1,0,1,1,0,1,1,1,1,0,1,0,0,0,0,1,0,1,1,0,0,1,0,0,1,0,1,0,0,0,0,0,0,0,0,1,1,1,0,1,1,1,0,0,0,1,1,1,1,1,1,1,0,0,0,1,1,1,0,0,0,0,0,0,1,0,0,0,,,
T_marmoratus,Gastropod,0,0,0,0,0,0,0,0,0,0,0,0,0,0,0,0,0,0,0,0,0,0,0,0,0,0,0,0,0,0,0,0,0,0,0,0,0,0,0,0,0,0,0,0,0,0,0,0,0,0,0,0,0,0,0,0,0,0,0,0,0,0,0,0,0,0,1,0,1,1,0,0,1,0,0,0,,,
T_obsoleta,Gastropod,0,1,0,0,0,0,0,1,0,0,0,0,0,1,0,0,0,0,0,0,0,0,0,0,0,0,0,0,0,0,0,0,0,0,0,0,0,0,0,0,0,0,0,0,0,0,0,0,0,0,0,0,0,0,0,0,0,0,0,0,0,0,0,0,0,0,0,0,0,0,0,0,0,0,0,0,,,
T_pacificus,Cephalopod,0,0,0,0,0,0,0,0,0,0,0,0,0,0,0,0,0,0,0,0,0,0,0,0,0,0,0,0,0,0,0,0,1,0,0,0,0,0,0,0,0,0,0,0,0,0,0,0,0,0,0,0,0,0,0,0,0,0,0,0,0,0,0,0,0,0,0,0,0,0,0,0,0,0,0,0,,,
T_squamosa,Bivalve,0,0,0,0,0,0,0,0,0,0,0,0,0,0,0,0,0,0,0,0,0,0,0,0,0,0,0,0,0,0,0,0,0,0,0,0,0,0,0,0,0,0,0,0,0,0,0,0,0,0,0,0,0,0,0,0,0,0,0,0,0,1,0,0,0,0,0,0,0,0,0,0,0,0,0,0,,,
T_tau,Gastropod,0,0,0,0,0,0,0,0,0,0,0,0,0,0,1,0,0,0,0,0,0,0,0,0,0,0,0,0,0,0,0,0,0,0,0,0,0,0,0,0,0,0,0,0,0,0,0,0,0,0,0,0,0,0,0,0,0,0,0,0,0,0,0,0,0,0,0,0,0,0,0,0,0,0,0,0,,,
Y_balloti,Bivalve,1,1,1,1,1,1,1,1,1,0,0,1,1,1,1,1,1,0,1,0,0,0,0,1,1,0,1,0,0,1,0,1,1,0,1,1,1,0,0,1,0,0,0,1,1,1,0,1,1,1,0,0,0,0,0,0,1,1,1,1,0,0,1,1,1,1,0,0,0,0,1,0,0,0,0,1,,,
,,,,,,,,,,,,,,,,,,,,,,,,,,,,,,,,,,,,,,,,,,,,,,,,,,,,,,,,,,,,,,,,,,,,,,,,,,,,,,,,
Protein_Sum,,27,47,39,49,39,32,51,40,41,5,26,31,39,47,45,47,45,6,39,4,48,7,6,58,27,13,46,3,3,28,6,16,48,5,44,36,29,2,5,28,11,2,6,36,42,36,37,38,48,33,3,6,11,10,18,12,25,39,53,56,0,46,43,40,40,40,36,29,38,36,34,26,39,24,42,32,0,0,0
,,,,,,,,,,,,,,,,,,,,,,,,,,,,,,,,,,,,,,,,,,,,,,,,,,,,,,,,,,,,,,,,,,,,,,,,,,,,,,,,
C_gigas,Bivalve,1,1,1,1,1,1,1,1,1,1,1,1,1,1,1,1,1,1,1,1,1,1,1,1,1,1,1,1,1,1,1,1,1,1,1,1,1,1,1,1,1,1,1,1,1,1,1,1,1,1,1,1,1,,,,,,,,,,,,,,,,,,,,,,,,,,
