Coral,Clade,1,2,3,4,5,6,7,8,9,10,11,12,13,14,15,16,17,18,19,20,21,22,23,24,25,26,27,28,29,30,31,32,33,34,35,36,37,38,39,40,41,42,43,44,45,46,47,48,49,50,51,52,53,54,55,56,57,58,59,60,61,62,63,64,65,66,67,68,69,70,71,72,73,74,75,76,77,78,79,80,81,82,83,84,85,86,87,88,89,90,91,92,93,94,95,96,97,98,99,100,101,102,103,104,105,106,107,108,109,110,111,112,113,114,115,116,117,118
A_cervicornis,Complexa,0,1,1,1,0,1,0,1,1,0,1,0,0,0,0,0,0,0,0,0,0,1,0,1,0,1,1,1,1,0,1,1,1,1,0,1,1,0,1,1,1,1,1,0,1,1,1,0,1,1,1,1,1,1,0,0,0,1,1,0,0,0,0,0,0,0,0,1,1,1,1,0,0,0,1,1,1,0,1,1,1,1,1,0,1,0,1,0,1,0,0,0,1,0,0,0,0,1,0,1,1,1,1,1,0,1,1,0,1,0,0,1,1,1,0,0,1,0
A_digitifera,Complexa,1,1,1,1,1,1,1,0,0,1,1,1,1,1,1,1,1,1,1,1,1,1,1,1,1,1,1,1,1,1,1,1,1,0,1,1,1,0,1,1,1,1,1,1,1,0,1,1,1,0,1,1,0,1,0,0,0,1,1,1,0,1,0,0,1,1,0,1,1,1,1,0,1,1,1,1,1,1,0,1,1,1,1,1,1,1,1,0,1,1,0,0,1,0,0,1,1,0,0,1,0,1,0,1,0,0,1,0,1,0,1,1,1,1,0,0,1,1
A_millepora,Complexa,1,1,1,1,1,1,1,1,1,1,1,0,1,1,1,1,1,1,1,1,1,1,1,1,1,1,1,1,1,1,1,1,1,1,1,1,1,1,1,1,1,1,1,0,1,1,1,1,1,0,1,1,1,1,0,0,0,0,1,0,1,0,0,0,1,1,0,0,1,1,1,1,1,1,0,1,1,1,1,1,1,1,1,0,1,1,1,0,1,0,0,0,1,0,0,1,1,1,0,1,1,1,1,1,1,1,1,0,1,0,1,1,1,1,0,1,0,1
A_muricata,Complexa,0,0,0,1,0,0,1,1,1,0,0,1,1,1,1,1,1,1,1,1,0,1,0,1,1,0,1,1,1,0,1,1,1,0,1,1,1,1,1,1,1,1,1,0,1,1,1,0,0,1,1,0,0,0,0,0,0,1,1,0,1,1,0,0,0,0,0,0,1,1,1,0,0,0,1,1,1,0,1,1,1,0,0,0,1,1,0,0,0,1,0,1,0,0,0,0,1,1,1,0,1,0,0,1,1,0,1,0,1,1,1,1,0,1,1,0,1,1
A_palmata,Complexa,0,0,0,1,0,1,0,0,0,0,0,0,1,1,1,1,1,1,1,1,1,1,1,1,1,1,1,1,1,0,0,0,1,0,1,1,1,0,1,1,1,1,1,0,1,0,0,1,0,0,0,0,0,0,0,0,0,1,0,0,1,0,0,0,0,0,0,1,0,1,0,0,0,0,0,1,1,0,0,1,1,0,0,0,1,0,1,0,0,0,0,0,0,0,0,0,0,0,0,1,0,1,0,1,1,0,0,0,1,0,1,1,0,0,0,0,0,0
D_pertusum,Robusta,1,1,1,1,1,0,1,1,1,1,1,1,0,0,0,0,0,0,0,0,0,0,0,0,0,0,0,1,1,0,0,1,1,1,1,1,1,0,0,1,0,0,1,0,1,1,1,0,1,1,1,1,1,1,0,0,1,0,1,0,0,1,0,0,0,0,0,1,1,1,1,1,0,0,0,1,1,0,1,1,1,1,1,0,1,1,1,0,1,1,0,1,1,0,0,1,1,1,1,0,1,1,1,1,0,1,1,0,1,0,0,0,1,1,1,0,0,1
G_fascicularis,Complexa,0,0,0,0,0,0,0,0,0,0,0,0,0,0,0,0,0,0,0,0,0,0,0,0,0,0,0,0,0,0,0,0,0,0,1,0,0,0,0,0,0,0,0,0,0,0,0,0,0,0,0,0,0,0,0,0,0,0,0,0,0,0,0,0,0,0,0,0,0,0,0,0,0,0,0,0,0,0,0,0,0,0,0,0,0,0,0,0,0,0,0,0,0,0,0,0,0,0,0,0,0,0,0,0,0,0,0,0,0,0,0,0,0,0,0,0,0,0
M_capitata,Complexa,0,0,0,0,0,0,0,0,0,0,0,0,0,0,0,0,0,0,0,0,0,0,0,0,0,0,0,0,0,0,0,0,0,0,1,0,0,0,0,0,0,0,0,0,0,0,0,0,0,0,0,0,0,0,0,0,0,0,0,0,0,0,0,0,0,0,0,0,0,0,0,0,0,0,0,0,0,0,0,0,0,0,0,0,0,0,0,0,0,0,0,0,0,0,0,0,0,0,0,0,0,0,0,0,0,0,0,0,0,0,0,0,0,0,0,0,0,0
M_capricornis,Complexa,1,1,1,1,1,0,1,0,0,1,1,1,1,1,1,0,1,0,0,0,0,1,1,1,1,0,1,1,1,0,1,1,1,1,1,1,1,1,1,1,1,1,1,0,1,1,1,1,1,1,1,1,1,1,0,0,0,1,1,0,0,1,0,0,0,0,0,1,1,1,1,1,0,0,1,1,1,0,0,1,1,1,1,0,1,1,0,0,1,1,0,1,1,0,0,1,1,1,1,0,0,0,1,1,1,0,1,0,1,0,1,1,1,0,1,1,0,1
M_digitata,Complexa,0,0,0,0,0,0,0,0,0,0,0,0,0,0,0,0,0,0,0,0,0,0,0,0,0,0,0,0,0,0,0,0,0,0,0,0,0,0,0,0,0,0,0,0,0,1,1,1,1,1,1,1,1,1,1,1,0,0,0,0,0,0,0,0,0,0,0,0,0,0,0,0,0,0,0,0,0,0,0,0,0,0,0,0,0,0,0,0,0,0,0,0,0,0,0,0,0,0,0,0,0,0,0,0,0,0,0,0,0,0,0,0,0,0,0,0,0,0
M_foliosa,Complexa,1,1,1,1,0,1,1,0,1,1,0,0,1,1,1,0,1,0,0,0,0,1,1,1,1,1,1,1,1,1,0,1,1,1,0,1,1,1,1,1,1,1,1,0,1,1,0,1,0,1,1,0,1,1,0,1,0,0,1,1,1,0,0,0,0,0,0,1,1,1,1,1,0,0,0,1,1,0,0,1,1,1,0,0,1,1,1,0,1,0,0,0,1,0,0,1,1,0,1,1,1,1,1,1,1,1,1,0,1,0,0,1,1,1,0,0,1,1
O_patagonica,Robusta,1,1,1,1,1,0,0,1,1,1,1,1,0,0,0,0,0,0,0,0,0,1,0,0,0,1,0,1,1,0,0,1,1,1,1,1,1,1,1,1,1,1,1,0,1,1,1,1,1,1,1,1,1,1,1,0,0,1,1,0,0,1,0,0,1,1,0,1,1,1,1,1,1,1,1,1,1,1,1,1,1,1,1,1,1,1,1,0,1,1,0,1,1,0,0,1,1,1,1,1,1,1,1,1,1,1,1,1,1,1,1,1,1,1,1,1,1,1
O_annularis,Robusta,0,0,0,0,0,0,0,0,0,0,0,0,0,0,0,0,0,0,0,0,0,0,0,0,0,0,0,0,0,0,0,0,0,0,0,0,0,0,0,0,0,0,0,0,0,0,0,0,0,0,0,0,0,0,0,0,0,0,0,0,0,0,0,0,0,0,0,0,0,0,0,0,0,0,0,0,0,0,0,0,0,0,0,0,0,0,0,0,0,0,0,0,0,0,0,0,0,0,0,0,0,0,0,0,0,0,0,0,0,0,0,0,0,0,0,0,0,0
O_faveolata,Robusta,1,1,1,1,1,1,1,1,1,1,1,1,0,0,0,0,0,0,0,0,0,1,0,0,0,1,0,1,1,0,0,1,1,1,1,1,1,1,1,1,1,1,1,0,1,0,1,0,1,1,1,1,1,1,0,0,1,1,1,0,0,1,0,0,0,0,0,1,1,1,1,1,0,0,1,1,1,0,1,1,1,1,1,1,1,1,1,1,1,1,0,1,1,0,0,1,1,1,1,1,1,1,1,1,0,1,1,1,1,0,0,1,1,1,1,1,1,1
O_franksi,Robusta,0,0,0,0,0,0,0,0,0,0,0,0,0,0,0,0,0,0,0,0,0,0,0,0,0,0,0,0,0,0,0,0,0,0,0,0,0,0,0,0,0,0,0,0,0,0,0,0,0,0,0,0,0,0,0,0,0,0,0,0,0,0,0,0,0,0,0,1,1,1,1,1,0,0,1,1,1,0,0,1,1,1,0,0,1,0,1,0,1,1,0,1,1,0,0,0,1,0,0,1,1,1,1,1,1,0,1,1,1,1,1,0,1,0,0,0,0,0
P_damicornis,Robusta,1,1,1,1,1,1,0,1,1,0,0,1,0,0,0,0,0,0,0,0,0,1,0,0,0,1,0,1,1,0,0,1,1,1,1,1,1,1,1,1,1,1,1,0,1,1,1,0,0,1,1,1,0,1,0,0,0,1,0,0,0,1,0,0,0,0,0,1,1,1,1,1,0,0,0,1,1,0,1,1,1,1,0,1,1,0,1,1,1,1,0,1,1,0,0,0,0,1,0,1,1,1,1,1,1,0,1,1,1,1,1,1,1,1,1,1,1,0
P_meandrina,Robusta,1,1,1,1,1,1,1,1,1,1,0,1,0,0,0,0,0,0,0,0,0,1,0,0,0,1,0,1,1,0,0,0,1,1,1,1,0,1,1,1,1,1,1,0,1,1,0,0,0,1,1,1,1,1,0,0,0,1,0,0,0,1,0,0,1,1,0,0,1,1,1,1,1,1,1,0,0,1,1,1,1,1,0,0,1,1,1,1,1,0,0,0,1,1,0,1,1,0,1,1,1,1,1,1,1,0,1,1,1,1,1,0,1,0,0,0,1,1
P_verrucosa,Robusta,1,1,1,1,1,1,1,1,1,0,0,1,0,0,0,0,0,0,0,0,0,1,0,0,0,1,0,0,1,0,0,0,1,1,1,1,1,1,1,1,1,1,1,0,1,1,1,0,0,1,0,0,0,1,0,0,0,1,0,0,0,1,0,0,0,0,0,1,1,1,1,1,0,0,1,1,1,0,1,1,1,1,0,0,1,1,1,1,0,0,0,0,1,0,0,0,1,0,1,1,1,1,1,1,1,1,1,1,1,0,1,1,1,0,0,0,0,1
P_evermanni,Complexa,1,1,1,1,0,1,1,1,1,0,0,1,0,0,0,0,0,0,0,0,0,1,0,0,0,1,0,1,1,0,1,1,1,1,0,1,1,1,1,1,1,1,1,0,1,1,1,1,0,0,1,1,1,1,0,0,0,0,0,0,1,1,0,0,1,1,0,1,1,1,1,1,1,1,0,1,1,1,1,1,1,1,0,1,1,1,1,0,0,1,0,1,1,0,0,0,1,1,1,1,1,1,1,1,0,1,1,0,1,1,0,0,1,1,1,0,1,1
P_furcata,Complexa,0,0,0,0,0,0,0,0,0,0,0,0,0,0,0,0,0,0,0,0,0,0,0,0,0,0,0,0,0,0,0,0,0,0,0,0,0,0,0,0,0,0,0,0,0,0,0,0,0,0,0,0,0,0,0,0,0,0,0,0,0,0,0,0,0,0,0,0,0,0,0,0,0,0,1,0,0,0,0,0,0,0,0,0,0,0,0,0,0,0,0,0,0,0,0,0,0,0,0,0,0,0,0,0,0,0,0,0,0,0,0,0,0,0,0,0,0,0
P_harrisoni,Complexa,0,1,1,1,0,1,0,0,1,0,0,0,0,0,0,0,0,0,0,0,0,1,0,0,0,1,0,0,1,0,0,1,1,0,0,1,0,1,1,1,1,1,1,0,1,1,0,0,0,0,0,1,1,1,0,0,0,1,1,0,0,0,0,0,0,0,0,0,1,1,1,0,0,0,0,0,0,0,0,0,0,1,0,1,0,0,1,0,0,0,0,0,1,0,0,0,0,1,1,1,1,1,0,0,0,1,1,0,1,0,0,0,1,0,0,0,0,0
P_lobata,Complexa,1,1,1,1,0,1,1,1,1,1,1,1,0,0,0,0,0,0,0,0,0,1,0,0,0,1,0,1,1,0,1,1,1,1,1,1,1,1,1,1,1,1,1,0,1,1,1,0,1,1,1,1,1,1,0,0,0,1,1,0,0,1,0,0,0,0,0,0,1,1,1,1,0,0,1,1,1,0,1,1,1,1,1,0,1,1,1,0,1,0,0,0,1,0,0,1,1,1,1,1,1,1,1,1,0,1,1,0,1,1,0,0,1,1,1,1,1,1
P_lutea,Complexa,0,1,1,1,0,1,0,1,1,0,0,0,1,0,0,0,0,0,0,0,0,1,1,0,0,1,0,1,1,0,0,1,1,0,1,1,1,1,1,1,1,1,1,0,1,1,1,1,0,1,1,1,1,1,0,0,0,0,1,0,0,1,0,0,0,0,0,1,1,1,1,1,0,0,0,1,1,0,1,1,1,1,0,1,1,0,1,0,0,0,0,0,1,0,0,0,0,1,1,1,1,1,0,1,0,1,1,0,1,1,0,1,1,0,1,0,1,0
S_pistillata,Robusta,1,1,1,1,1,1,1,1,1,1,1,1,0,0,0,0,0,0,0,0,0,1,0,0,0,1,0,1,1,0,1,1,1,1,1,1,1,1,1,1,1,1,1,0,1,1,1,0,1,1,1,1,1,1,0,0,0,1,0,0,0,1,0,1,1,1,1,1,1,1,1,1,1,1,1,1,1,1,1,1,1,1,1,1,1,1,1,1,1,1,1,1,1,1,1,1,1,1,1,1,1,1,1,1,1,1,1,1,1,1,1,1,1,1,1,1,1,1